Column1;ID;NUMERO;NOMBRE;DIRECCION;BARRIO;COMUNA;EMPLAZAMIENTO;ANCLAJES;Lat;Lon
273;414;385;FRANKLIN;1100 Franklin;CABALLITO;COMUNA 6;CALZADA;20;-34,6112;-58,4501
109;134;134;SOLDADO DE LA FRONTERA;4999 Soldado de la Frontera;VILLA LUGANO;COMUNA 8;PLAZOLETA;12;-34,6832;-58,466
260;327;366;VILLA OLIMPICA;4347 Escalada;VILLA LUGANO;COMUNA 8;PLAZOLETA;16;-34,6774;-58,4542
253;310;356;ESTACION LUGANO;Murguiondo 4181;VILLA LUGANO;COMUNA 8;PLAZOLETA;12;-34,6771;-58,4757
321;507;271;VILLA SOLDATI II;4249 23 de Junio;VILLA SOLDATI;COMUNA 8;VEREDA;15;-34,6732;-58,4553
270;413;382;MERCADO DE HACIENDA MATADEROS;2307 Lisandro de la Torre;MATADEROS;COMUNA 9;PLAZOLETA;16;-34,6615;-58,5016
231;301;309;UTN II;Saraza y Mozart;VILLA LUGANO;COMUNA 8;CALZADA;20;-34,6605;-58,4676
98;207;123;BASUALDO Y RODO;1700 Guardia Nacional;MATADEROS;COMUNA 9;CALZADA;16;-34,6523;-58,4874
243;302;340;PLAZA NUEVA POMPEYA;3800 Traful;NUEVA POMPEYA;COMUNA 4;PLAZA ABIERTA;16;-34,6517;-58,4146
244;307;341;COMUNA 4;Avenida Perito Moreno 2881;NUEVA POMPEYA;COMUNA 4;VEREDA;16;-34,6499;-58,4247
282;427;397;PARQUE SANTOJANNI;6373 Acasusso;LINIERS;COMUNA 9;CALZADA;16;-34,6484;-58,5136
261;374;367;EVA PERON;Primera junta 3896 & Laguna;PARQUE AVELLANEDA;COMUNA 9;VEREDA;16;-34,6473;-58,47
239;252;331;CALIFORNIA;California y Hornos;BARRACAS;COMUNA 4;VEREDA;16;-34,647;-58,3743
234;403;316;BUENOS AIRES;Luna & Suarez EX Lafayette 678;BARRACAS;COMUNA 4;CALZADA;20;-34,6459;-58,3968
275;251;388;PLAZA JOSE C PAZ;3394 Jose. C Paz EX Pepiri & Paz, Jose C.;PARQUE PATRICIOS;COMUNA 4;PLAZA ABIERTA;20;-34,64503;-58,40973
279;425;394;AV. LA PLATA;804 Arbeletche, Anibal P.;NUEVA POMPEYA;COMUNA 4;CALZADA;16;-34,64408;-58,42212
252;363;354;JOSE MARTI;Av. Eva Perón 3321 Reubicada EX 3101 Primera Junta;FLORES;COMUNA 7;VEREDA;16;-34,6438;-58,463
299;481;369;PLAZA LARRAZABAL;Avenida Larrazabal 380 y Garcia de Cossio;LINIERS;COMUNA 9;VEREDA;12;-34,6428;-58,5126
238;407;330;PARQUE AVELLANEDA;Remedios 3895;PARQUE AVELLANEDA;COMUNA 9;PLAZA ABIERTA;28;-34,6423;-58,4783
256;265;361;PLAZA DON SEGUNDO SOMBRA;2347 Santander;FLORES;COMUNA 7;VEREDA;16;-34,6419;-58,4507
17;21;21;PARQUE PATRICIOS;Iguazu & Uspallata;PARQUE PATRICIOS;COMUNA 4;PLAZOLETA;24;-34,6403;-58,4065
101;126;126;MINISTERIO DE JUSTICIA Y SEGURIDAD;Regimiento De Patricios Av. & Araoz De Lamadrid, Gregorio, Gral.;BOCA;COMUNA 4;VEREDA/dentro del ministerio;16;-34,6401;-58,3693
262;270;370;BEAUCHEF;1995 Beauchef;PARQUE CHACABUCO;COMUNA 7;CALZADA;20;-34,6401;-58,4304
323;508;170;RAFAELA;Rafaela 4811;VILLA LURO;COMUNA 10 ;VEREDA;12;-34,6393;-58,4947
162;429;201;PLAZA EJERCITO DE LOS ANDES;40 Albariño;VILLA LURO;COMUNA 10;PLAZA;8;-34,6391;-58,5101
293;475;238;PLAZA LAS TOSCANERAS;Coronel Ramon Lista 5500 y Moliere;VILLA REAL;COMUNA 10 ;VEREDA;12;-34,639;-58,5043
145;179;179;CASA SAN;Olavarria y Garibaldi;BOCA;COMUNA 4;CALZADA;16;-34,6385;-58,3643
274;424;387;LUNA;201 Luna;PARQUE PATRICIOS;COMUNA 4;CALZADA;16;-34,63847;-58,3997
125;155;155;PARQUE JOSE EVARISTO URIBURU;Avenida Almafuerte 6;NUEVA POMPEYA;COMUNA 4;PLAZA ABIERTA;20;-34,6381;-58,4112
210;433;273;PLAZOLETA COLOMBIA;1619 Brandsen;BARRACAS;COMUNA 4;CALZADA;20;-34,6377;-58,3737
316;41;41;PARQUE PATRICIOS II;Avenida Caseros 3015;PARQUE PATRICIOS;COMUNA 4;VEREDA;20;-34,6374;-58,4057
227;237;302;ESTACION VILLA LURO;90 Virgilio;VILLA LURO;COMUNA 10;VEREDA;16;-34,637;-58,5014
235;372;322;MARTI Y DIRECTORIO;404 Marti, Jose;FLORES;COMUNA 7;CALZADA;12;-34,6365;-58,4701
171;458;219;PARQUE CHACABUCO II;Avenida Asamblea y Miro;PARQUE CHACABUCO;COMUNA 7;VEREDA;20;-34,6363;-58,4439
114;219;140;LAS CASAS;Metán 3656 EX 3587 Las Casas;BOEDO;COMUNA 5;CALZADA;16;-34,6359;-58,4157
113;138;138;HOSPITAL BRITANICO;153 Perdriel;BARRACAS;COMUNA 4;CALZADA;12;-34,6354;-58,3876
255;366;360;PLAZA RAMON FALCON;3992 Falcon, Ramon L.,Cnel.;VELEZ SARFIELD;COMUNA 10;PLAZA;12;-34,6354;-58,4827
74;220;97;AVELINO DIAZ;Diaz, Avelino & Doblas;PARQUE CHACABUCO;COMUNA 7;CALZADA;16;-34,6353;-58,4275
298;477;311;SECRETARIA DE INNOVACION;Avenida Caseros 2309 y Pichincha;PARQUE PATRICIOS;COMUNA 4;VEREDA;12;-34,6346;-58,3951
142;454;178;PLAZA DERECHOS DEL HOMBRE  ;Cortina 551;VILLA LURO;COMUNA 10;VEREDA;12;-34,634;-58,5069
173;280;222;SIMON BOLIVAR;1701 Fernandez Moreno, Baldomero;PARQUE CHACABUCO;COMUNA 7;CALZADA;24;-34,6334;-58,4493
322;509;386;VELEZ SARSFIELD;Avenida Carrasco 214;VELEZ SARSFIELD;COMUNA 10;VEREDA;12;-34,6334;-58,4899
207;371;269;PLAZA DE LA MISERICORDIA;493 Lautaro;FLORES;COMUNA 7;CALZADA;11;-34,6328;-58,4551
69;92;92;SALCEDO;2908 Salcedo & Dean Funes;PARQUE PATRICIOS;COMUNA 4;CALZADA;20;-34,6318;-58,4049
172;299;221;CULPINA;121 Culpina;FLORES;COMUNA 7;CALZADA;20;-34,6316;-58,4663
177;284;229;RIGLOS;1037 Riglos;PARQUE CHACABUCO;COMUNA 7;CALZADA;20;-34,631;-58,4352
124;153;153;JUAN MANUEL BLANES;383 Blanes, Juan Manuel;BOCA;COMUNA 4;CALZADA;16;-34,6307;-58,3621
149;184;184;PEDRO ECHAGUE;1878 Echague, Pedro & Combate De Los Pozos;PARQUE PATRICIOS;COMUNA 4;CALZADA;20;-34,6307;-58,3912
57;73;73;RUY DIAZ DE GUZMAN;Ruy Diaz De Guzman &Garcia, Martin Av.;BOCA;COMUNA 4;PLAZOLETA;16;-34,6305;-58,3716
84;107;107;HOSPITAL GARRAHAN;Brasil & Pichincha;PARQUE PATRICIOS;COMUNA 4;VEREDA;16;-34,6303;-58,3963
24;453;28;PLAZA DE LA BANDERA;Av. Gaona 5181;VELEZ SARSFIELD;COMUNA 10;VEREDA;16;-34,6295;-58,4944
259;271;365;VENANCIO FLORES;Flores, Venancio, Gral.& Cuenca;FLORESTA;COMUNA 10;VEREDA;20;-34,6294;-58,472
85;203;108;USINA DEL ARTE;Caffarena, Agustin R. & Don Pedro De Mendoza Av.;BOCA;COMUNA 4;VEREDA;24;-34,6289;-58,3562
251;449;352;SAN JOSE DE FLORES;Rivadavia & Fray Cayetano;FLORES;COMUNA 7;PLAZA ABIERTA;24;-34,6289;-58,4627
40;49;49;33 ORIENTALES;Constituciòn & Treinta Y Tres Orientales;BOEDO;COMUNA 5;CALZADA;16;-34,6288;-58,4223
318;499;286;FILOSOFIA Y LETRAS;José Bonifacio 1407;CABALLITO;COMUNA 6 ;VEREDA;16;-34,6285;-58,4468
6;6;6;PARQUE LEZAMA;295 Garcia, Martin Av.;SAN TELMO;COMUNA 1;PLAZA ABIERTA;20;-34,6282;-58,3694
87;457;110;PLAZA CD DE BANFF;Roma 786;VERSALLES;COMUNA 10;CALZADA;8;-34,6281;-58,5217
158;196;196;HOSPITAL ARGERICH;750 Pi Y Margall & Necochea;BOCA;COMUNA 4;VEREDA;20;-34,6278;-58,3661
236;376;324;LAS VICTORIAS;4083 Vallese, Felipe;FLORESTA;COMUNA 10;CALZADA;20;-34,6268;-58,4873
35;455;39;PLAZA DON BOSCO;Elpidio Gonzales 5181;VILLA LURO;COMUNA 10;CALZADA;16;-34,6265;-58,5081
118;175;147;CONSTITUCION;Garay, Juan De Av. 1150;CONSTITUCION;COMUNA 1;PLAZOLETA;48;-34,6261;-58,3793
294;479;347;CARABOBO;Pumahuaca 9 y Avenida Rivadavia;FLORES;COMUNA 7;VEREDA;12;-34,626;-58,4553
140;172;172;BRASIL;Brasil & Defensa;SAN TELMO;COMUNA 1;PLAZA ABIERTA;16;-34,6254;-58,3711
320;504;214;MORON;Morón 3089;FLORES;COMUNA 7;VEREDA;12;-34,6248;-58,4752
317;80;80;VALLE;Valle 486 ;CABALLITO;COMUNA 6 ;VEREDA;12;-34,6244;-58,4342
30;48;34;COLONIA EXPRESS;150 Elvira Rawson Dellepiane;PUERTO MADERO;COMUNA 4;VEREDA;16;-34,6243;-58,3623
264;188;373;JORGELINA DE SIMONE;1755 Cochabamba;CONSTITUCION;COMUNA 1;CALZADA;16;-34,624;-58,3906
144;223;178;JOSE MARMOL;803 Marmol, Jose & Estados Unidos;BOEDO;COMUNA 5;CALZADA;16;-34,6234;-58,4249
169;378;215;HOSPITAL ALVAREZ;683 Plurinacional de Bolivia;FLORES;COMUNA 7;CALZADA;20;-34,6231;-58,4684
324;505;337;AVENIDA JUAN B JUSTO;Emilio Lamarca 915 (y Avenida Juan B Justo);VILLA SANTA RITA;COMUNA 11;VEREDA;16;-34,6227;-58,4819
160;199;199;ESTADOS UNIDOS Y BOEDO;3568 Estados Unidos & Boedo Av.;BOEDO;COMUNA 5;CALZADA;20;-34,6224;-58,4158
117;146;146;HOSPITAL FRANCES;3024 Calvo, Carlos & La Rioja;SAN CRISTOBAL;COMUNA 3;CALZADA;20;-34,6222;-58,4077
265;255;374;PUAN;1290 Yerbal;CABALLITO;COMUNA 6;CALZADA;16;-34,6221;-58,4484
208;263;270;PLAZA DEL ANGEL GRIS;Calcena & Avellaneda Av.;FLORES;COMUNA 7;PLAZA ABIERTA;12;-34,6218;-58,4577
224;309;298;PLAZA DR. JUAN B. TERAN;5539 Nogoya;VILLA REAL;COMUNA 10;VEREDA;16;-34,6216;-58,5198
65;86;86;SAAVEDRA;1019 Saavedra & Calvo, Carlos;SAN CRISTOBAL;COMUNA 3;CALZADA;20;-34,6213;-58,4018
159;197;197;PLAZA CIUDAD DE UDINE;Mercedes 1480;FLORESTA;COMUNA 10;CALZADA;20;-34,621;-58,493
70;93;93;CARLOS CALVO;1010 Sarandi & Calvo, Carlos;SAN CRISTOBAL;COMUNA 3;CALZADA;20;-34,6207;-58,3944
212;254;276;PRIMERA JUNTA;Rivadavia Av. & Barco Centenera Del;CABALLITO;COMUNA 6;PLAZOLETA;16;-34,6204;-58,4412
151;432;187;JOSE MARIA MORENO;141 Jose Maria Moreno;CABALLITO;COMUNA 6;VEREDA;20;-34,6202;-58,4356
93;117;117;HUMBERTO 1°;1016 Peru & Calvo, Carlos;SAN TELMO;COMUNA 1;CALZADA;16;-34,6199;-58,3742
66;87;87;GUAYAQUIL;Guayaquil & Doblas;CABALLITO;COMUNA 6;CALZADA;16;-34,6198;-58,4313
121;150;150;RODRIGO BUENO;2200 España Av entre Rodrigo Bueno I & Rodrigo Bueno II;PUERTO MADERO;COMUNA 1;VEREDA;30;-34,6192;-58,3556
75;61;98;Benito Juarez;2221 Benito Juarez (y Alvarez Jonte);MONTE CASTRO;COMUNA 10;CALZADA;12;-34,619;-58,5047
137;168;168;ESTADOS UNIDOS;Estados Unidos & Lima;CONSTITUCION;COMUNA 1;PLAZOLETA;16;-34,6185;-58,3815
123;152;152;JULIETA LANTERI;Vera Peñaloza, Rosario & Lanteri Julieta;PUERTO MADERO;COMUNA 1;PLAZA ABIERTA;28;-34,6181;-58,36
288;476;279;PLAZA MONTE CASTRO;Gualeguaychu 1900 y Miranda;MONTE CASTRO;COMUNA 10 ;VEREDA;12;-34,6181;-58,4985
16;59;18;INDEPENDENCIA;Independencia Av. & Irigoyen, Bernardo De;MONSERRAT;COMUNA 1;PLAZOLETA;20;-34,6176;-58,3803
95;120;120;HOSPITAL RAMOS MEJIA;3084 Agrelo & Urquiza;BALVANERA;COMUNA 3;CALZADA;20;-34,6175;-58,4092
68;91;91;PASCO;708 Pasco & Chile;BALVANERA;COMUNA 3;CALZADA;20;-34,6174;-58,3976
133;164;164;FACULTAD DE INGENIERIA;Av. Paseo Colón 823;SAN TELMO;COMUNA 1;VEREDA;20;-34,6173;-58,3669
185;291;244;UADE;750 Lima;MONSERRAT;COMUNA 1;VEREDA;16;-34,6171;-58,3815
271;253;383;BOEDO Y VENEZUELA;389 Boedo Av. & Republica Bolivariana De Venezuela;ALMAGRO;COMUNA 5;VEREDA;20;-34,6171;-58,4169
10;228;10;MADERO UCA;1600 Moreau De Justo, Alicia Av.;PUERTO MADERO;COMUNA 1;VEREDA;20;-34,617;-58,3658
94;118;118;MEXICO;Saavedra & Mexico;BALVANERA;COMUNA 3;CALZADA;20;-34,6168;-58,4027
170;342;218;CAMPANA;1523 Campana;VILLA SANTA RITA;COMUNA 11;CALZADA;20;-34,6168;-58,4842
174;273;223;GAINZA;494 Gainza, Martin De, Gral.;CABALLITO;COMUNA 6;CALZADA;16;-34,6168;-58,4467
39;46;46;CHILE;718 Peru;SAN TELMO;COMUNA 1;VEREDA;18;-34,6164;-58,3744
219;367;287;BELAUSTEGUI;2890 Belaustegui, Luis, Dr.;VILLA SANTA RITA;COMUNA 11;CALZADA;16;-34,6164;-58,4772
209;261;272;PLAZA BRUNO GIORDANO;Bruno, Giordano & Neuquen;CABALLITO;COMUNA 6;PLAZA ABIERTA;16;-34,6159;-58,4407
166;335;206;GALICIA;2502 Galicia;VILLA GENERAL MITRE;COMUNA 11;CALZADA;20;-34,6158;-58,4708
112;137;137;AZOPARDO Y CHILE;700 Azopardo & Chile Av.;MONSERRAT;COMUNA 1;CALZADA;24;-34,6157;-58,3676
148;183;183;VIRREY CEVALLOS;1652 Mexico;MONSERRAT;COMUNA 1;CALZADA;20;-34,6156;-58,3897
120;149;149;LIMA;Mexico & Lima;MONSERRAT;COMUNA 1;PLAZOLETA;16;-34,6153;-58,3816
136;204;167;HIPOLITO YRIGOYEN;4300 Yrigoyen, Hipolito Av.;ALMAGRO;COMUNA 5;VEREDA;24;-34,615;-58,4273
295;381;274;GAVILAN;Gavilan 1200 y Avenida Gaona;VILLA GENERAL MITRE;COMUNA 11;VEREDA;12;-34,615;-58,4666
313;494;314;ALLENDE;Allende 2794;VILLA DEVOTO;COMUNA 11;VEREDA;12;-34,6147;-58,5116
150;186;186;MANZANA 66;2875 Moreno & Catamarca;BALVANERA;COMUNA 3;PLAZA ABIERTA;20;-34,6135;-58,4061
289;473;216;EMILIO LAMARCA;Emilio Lamarca 2066 Y Avenida Alvarez Jonte;VILLA DEL PARQUE;COMUNA 11;VEREDA;12;-34,6133;-58,4933
250;281;350;PLAZA IRLANDA;2200 Gaona Av.;CABALLITO;COMUNA 6;PLAZA ABIERTA;24;-34,6131;-58,4572
314;491;266;PLAZA SABATTINI;Colpayo 699;CABALLITO;COMUNA 6 ;PLAZA ABIERTA;8;-34,6124;-58,4433
59;75;75;PLAZA PRIMERO DE MAYO;238 Pichincha;BALVANERA;COMUNA 3;CALZADA;20;-34,6123;-58,3989
89;112;112;9 DE JULIO;320 Irigoyen, Bernardo De & Moreno;MONSERRAT;COMUNA 1;PLAZOLETA;20;-34,6121;-58,3805
61;79;79;AZUCENA VILLAFLOR;Villaflor, Azucena & Dealessi, Pierina;PUERTO MADERO;COMUNA 1;PLAZOLETA;30;-34,612;-58,3639
122;151;151;AIME PAINE;Villaflor, Azucena & Paine, Aime;PUERTO MADERO;COMUNA 1;PLAZOLETA;24;-34,612;-58,3615
138;169;169;FACULTAD DE PSICOLOGIA;Yrigoyen, Hipolito & 24 De Noviembre;BALVANERA;COMUNA 3;PLAZA CERRADA;12;-34,6118;-58,4117
3;3;3;ADUANA;Moreno & Azopardo;MONSERRAT;COMUNA 1;VEREDA;20;-34,6112;-58,3696
20;24;24;ALSINA;Alsina, Adolfo&Irigoyen, Bernardo De;MONSERRAT;COMUNA 1;PLAZOLETA;18;-34,6108;-58,3806
237;459;327;PLAZA RICCHERI;Quevedo 3473;VILLA DEVOTO;COMUNA 11;VEREDA;16;-34,6107;-58,5191
290;474;224;BAIGORRIA;Baigorria 4186 y Mercedes;MONTE CASTRO;COMUNA 10 ;VEREDA;12;-34,6106;-58,5029
152;227;188;ARANGUREN;1 Aranguren, Juan F., Dr. & Portugal;CABALLITO;COMUNA 6;CALZADA;20;-34,6104;-58,4328
178;348;231;MAGARIÑOS CERVANTES;2465 Magariños Cervantes;VILLA GENERAL MITRE;COMUNA 11;VEREDA;12;-34,6104;-58,4745
8;8;8;CONGRESO;Cevallos, Virrey & Yrigoyen, Hipolito Av.;SAN NICOLAS;COMUNA 1;PLAZA ABIERTA;24;-34,6101;-58,3891
12;13;13;ONCE;Pueyrredon Av. & Rivadavia Av.;BALVANERA;COMUNA 3;PLAZA ABIERTA;30;-34,6101;-58,4066
14;441;16;LEGISLATURA;169 Peru & Roca, Julio A., Presidente Diagonal Sur Av.;MONSERRAT;COMUNA 1;VEREDA;20;-34,6099;-58,375
249;262;349;PLAZA SAENZ PEÑA;Lamas, Andres & Escalada San Martin, Remedos;VILLA GENERAL MITRE;COMUNA 11;PLAZA ABIERTA;16;-34,6096;-58,4674
310;492;325;MEDRANO;Bartolome Mitre 3905;ALMAGRO;COMUNA 5;VEREDA;16;-34,6094;-58,4215
131;162;162;LARREA Y BARTOLOME MITRE;80 Larrea & Mitre, Bartolome;BALVANERA;COMUNA 3;VEREDA;20;-34,609;-58,4019
48;444;61;MINISTERIO DE ECONOMIA;Balcarce & Yrigoyen, Hipolito Av.;MONSERRAT;COMUNA 1;VEREDA;24;-34,6088;-58,3707
132;163;163;ONCE II;Mitre, Bartolome & Puerredon Av.;BALVANERA;COMUNA 3;PLAZA ABIERTA;30;-34,6088;-58,4061
319;503;212;TRES ARROYOS;Tres Arroyos 1500;CABALLITO;COMUNA 6 ;VEREDA;12;-34,6087;-58,4602
155;191;191;RIVADAVIA Y 9 DE JULIO;Pellegrini & Rivadavia Av.;SAN NICOLAS;COMUNA 1;PLAZOLETA;16;-34,6084;-58,3808
33;98;37;CLAUDIA PIA BRAUDACCO;Esmeralda & Rivadavia Av.;SAN NICOLAS;COMUNA 1;VEREDA;16;-34,6082;-58,3778
25;29;29;PARQUE CENTENARIO;74 Patricias Argentinas Av. & Estivao;CABALLITO;COMUNA 6;PLAZA ABIERTA;30;-34,608;-58,4333
286;466;333;PARQUE DE LA ESTACION;Dr. Tomas Manuel de Anchorena 170;ALMAGRO;COMUNA 5;VEREDA;16;-34,608;-58,4118
108;460;133;BEIRO Y SEGUROLA;Segurola 3194;VILLA DEVOTO;COMUNA 11;CALZADA;16;-34,6075;-58,5119
62;82;82;HOSPITAL ITALIANO;394 Rawson & Potosi;ALMAGRO;COMUNA 5;CALZADA;20;-34,6074;-58,4262
28;32;32;CATEDRAL;67 San Martin;SAN NICOLAS;COMUNA 1;VEREDA;16;-34,6072;-58,3735
211;167;275;PLAZA 24 DE SEPTIEMBRE;1355 San Martin Av.;CABALLITO;COMUNA 6;PLAZA ABIERTA;16;-34,6071;-58,4485
60;76;76;AYACUCHO;Ayacucho &Peron, Juan Domingo, Tte. General;BALVANERA;COMUNA 3;CALZADA;20;-34,607;-58,395
15;17;17;PLAZA ALMAGRO;441 Bulnes & Peron, Juan Domingo, Tte. General;ALMAGRO;COMUNA 5;CALZADA;20;-34,6064;-58,4185
206;385;268;PLAZA ARISTOBULO DEL VALLE;Campana & Sastre, Marcos;VILLA DEL PARQUE;COMUNA 11;CALZADA;16;-34,6064;-58,4932
157;194;194;PERON Y ACUÑA DE FIGUEROA;3997 Peron, Juan Domingo, Tte. General;ALMAGRO;COMUNA 5;CALZADA;16;-34,606;-58,4227
7;7;7;OBELISCO;215 Pellegrini, Carlos;SAN NICOLAS;COMUNA 1;PLAZOLETA;16;-34,6058;-58,3807
285;467;328;SARMIENTO II;Sarmiento 2037;BALVANERA;COMUNA 3;VEREDA;12;-34,6058;-58,3958
165;316;205;SAN MARTIN;1471 Cucha Cucha;VILLA CRESPO;COMUNA 15;CALZADA;16;-34,6057;-58,4532
164;382;204;BIARRITZ;2403 Biarritz;VILLA DEL PARQUE;COMUNA 11;CALZADA;16;-34,6055;-58,4774
103;128;128;PARQUE DEL BAJO;Madero, Eduardo Av. & Peron, Juan Domingo, Tte. General;SAN NICOLAS;COMUNA 1;PLAZA ABIERTA;20;-34,6052;-58,368
226;375;301;ARREGUI Y TERRADA;2792 Arregui;VILLA DEL PARQUE;COMUNA 11;CALZADA;16;-34,6049;-58,4848
88;111;111;MACACHA GUEMES;350 Guemes, Macacha & Dealessi, Pierina;PUERTO MADERO;COMUNA 1;PLAZOLETA;30;-34,6048;-58,3639
272;231;384;PLAZA BENITO NAZAR;Virasoro, Valentin & Figueroa, D Apolinario, Coronel;VILLA CRESPO;COMUNA 15;PLAZA ABIERTA;16;-34,6048;-58,4463
32;36;36;MAIPU;300 Maipu & Sarmiento;SAN NICOLAS;COMUNA 1;VEREDA;16;-34,6046;-58,3766
58;74;74;INSTITUTO LELOIR;Patricias Argentinas Av. & Ibarbourou, Juana De;CABALLITO;COMUNA 6;VEREDA;30;-34,6046;-58,4348
284;468;84;TEATRO PICADERO;Riobamba 403;BALVANERA;COMUNA 3;VEREDA;8;-34,6042;-58,3937
218;318;285;ESPINOSA;1785 Espinosa;VILLA CRESPO;COMUNA 15;CALZADA;20;-34,604;-58,4572
27;31;31;PADILLA;288 Padilla & Alvarez, Julian;VILLA CRESPO;COMUNA 15;PLAZOLETA;20;-34,6031;-58,4397
63;83;83;PARANA;1590 Lavalle & Montevideo;SAN NICOLAS;COMUNA 1;CALZADA;20;-34,6031;-58,3893
107;132;132;CORRIENTES;Reconquista & Corrientes Av.;SAN NICOLAS;COMUNA 1;PLAZOLETA;12;-34,6031;-58,3725
139;171;171;PASTEUR;519 Pasteur & Lavalle;BALVANERA;COMUNA 3;CALZADA;20;-34,603;-58,3996
73;96;96;CARLOS GARDEL;3302 Guardia Vieja & Aguero;BALVANERA;COMUNA 3;CALZADA;20;-34,6029;-58,4115
56;71;71;CERRITO;Saenz Peña, Roque, Pres. Diagonal Norte Av. & Cerrito;SAN NICOLAS;COMUNA 1;VEREDA;30;-34,6026;-58,3838
38;45;45;URUGUAY;561 Uruguay & Av. Tucuman;SAN NICOLAS;COMUNA 1;VEREDA;20;-34,6022;-58,3866
72;95;95;ESMERALDA;516 Esmeralda;SAN NICOLAS;COMUNA 1;VEREDA;16;-34,6021;-58,3782
115;144;144;PUEYRREDON;684 Boulogne Sur Mer & Tucuman;BALVANERA;COMUNA 3;CALZADA;20;-34,6021;-58,4061
130;161;161;HUMAHUACA;3912 Humahuaca & Salguero, Jeronimo;ALMAGRO;COMUNA 5;CALZADA;20;-34,6021;-58,4195
214;387;278;DONATO ALVAREZ;1540 Garcia, Juan Agustin;PATERNAL;COMUNA 15;CALZADA;16;-34,6021;-58,4655
4;4;4;PLAZA ROMA;Lavalle & Bouchard;SAN NICOLAS;COMUNA 1;CALZADA;20;-34,6018;-58,3691
47;60;60;25 DE MAYO;527 25 De Mayo & Lavalle;SAN NICOLAS;COMUNA 1;VEREDA;20;-34,6015;-58,3712
42;51;51;TUCUMAN;Tucuman & 9 De Julio Av.;SAN NICOLAS;COMUNA 1;PLAZOLETA;12;-34,6014;-58,3819
22;26;26;JUANA MANSO I;Manso Juana & De La Barra, Emma;PUERTO MADERO;COMUNA 1;VEREDA;30;-34,6009;-58,3638
96;121;121;YATAY;925 Yatay& Humahuaca;ALMAGRO;COMUNA 5;CALZADA;20;-34,6008;-58,4283
119;330;148;PATERNAL;Punta Arenas 1798;PATERNAL;COMUNA 15;CALZADA;16;-34,6007;-58,47
163;333;203;BEIRO;3572 Av. Beiro;DEVOTO;COMUNA 11;VEREDA;20;-34,6007;-58,5034
248;241;348;VILLA DEL PARQUE;Gutierrez, Ricardo & Lozano, Pedro;VILLA DEL PARQUE;COMUNA 11;PLAZOLETA;12;-34,6007;-58,494
104;212;129;VELASCO;285 Ramirez De Velasco, Juan & Alvarez, Julian;VILLA CRESPO;COMUNA 15;CALZADA;16;-34,6002;-58,4349
19;23;23;SUIPACHA;691 Suipacha & Viamonte;SAN NICOLAS;COMUNA 1;VEREDA;12;-34,6001;-58,3797
167;336;207;PLAZA ARENALES;Nueva York & Chivilcoy;DEVOTO;COMUNA 11;VEREDA;28;-34,6001;-58,5117
111;213;136;ACEVEDO;220 Acevedo;VILLA CRESPO;COMUNA 15;CALZADA;20;-34,5998;-58,4428
23;27;27;MONTEVIDEO;Cordoba Av. & Montevideo;SAN NICOLAS;COMUNA 1;VEREDA;16;-34,5994;-58,3897
181;353;237;MADERO OFFICE;367 Sanchez De Thompson, Mariquita;PUERTO MADERO;COMUNA 1;CALZADA;28;-34,5991;-58,3645
49;63;63;RECONQUISTA;776 Reconquista & Cordoba Av.;SAN NICOLAS;COMUNA 1;VEREDA;24;-34,5985;-58,3728
106;131;131;HOSPITAL DE CLINICAS;Uriburu Jose E., Pres. & Paraguay;RECOLETA;COMUNA 2;VEREDA;16;-34,5983;-58,399
268;368;378;AGRONOMIA;4351 San Martin;AGRONOMIA;COMUNA 15;VEREDA;12;-34,5983;-58,4819
43;54;54;ACUÑA DE FIGUEROA;Lavalle & Acuña De Figueroa, Francisco;ALMAGRO;COMUNA 5;CALZADA;20;-34,5982;-58,4219
233;267;315;BEIRO Y SAN MARTIN;3209 Av. Francisco Beiro;DEVOTO;COMUNA 11;VEREDA;16;-34,5976;-58,4985
110;135;135;MARCELO T. DE ALVEAR;902 Esmeralda & Paraguay;SAN NICOLAS;COMUNA 1;VEREDA;20;-34,5975;-58,3784
168;311;213;HOSPITAL ALVEAR;2626 Av. Warnes;PATERNAL;COMUNA 15;VEREDA;20;-34,5974;-58,4753
228;395;303;HUAURA;1405 Huaura (Esq Fitz Roy);VILLA CRESPO;COMUNA 15;CALZADA;16;-34,5973;-58,4531
29;33;33;FACULTAD DE MEDICINA;987 Uriburu Jose E., Pres. & Alvear, Marcelo T. De;RECOLETA;COMUNA 2;VEREDA;20;-34,5972;-58,3988
141;174;174;MINISTERIO DE EDUCACION;Alvear, Marcelo T. De & Rodriguez Peña;RECOLETA;COMUNA 2;PLAZOLETA;20;-34,5972;-58,3918
34;38;38;PLAZA LIBERTAD;990 Cerrito & Alvear, Marcelo T. De;RETIRO;COMUNA 1;VEREDA;20;-34,5971;-58,3827
134;165;165;PLAZA MONSEÑOR MIGUEL DE ANDREA;Anchorena, Tomas Manuel De, Dr. & Cabrera, Jose A.;RECOLETA;COMUNA 2;VEREDA;12;-34,597;-58,4076
308;493;208;NICASIO OROÑO;Nicasio Oroño 2598;PATERNAL;COMUNA 15;VEREDA;8;-34,5964;-58,4594
76;99;99;MALABIA;780 Malabia & Loyola;VILLA CRESPO;COMUNA 15;CALZADA;20;-34,5963;-58,4357
31;35;35;INGENIERO BUTTY;291 Butty, E., Ing. & Alem, Leandro N. Av.;RETIRO;COMUNA 1;PLAZOLETA;20;-34,5962;-58,3718
54;69;69;ECUADOR;1226 Ecuador & Mansilla, Lucio Norberto, General;RECOLETA;COMUNA 2;PLAZOLETA;16;-34,5958;-58,4046
91;114;114;DELLA PAOLERA;297 Della Paolera, Carlos M. & Alem, Leandro N. Av.;RETIRO;COMUNA 1;PLAZOLETA;32;-34,5949;-58,3724
52;66;66;BILLINGHURST;3508 Carcova, De La & Soler;RECOLETA;COMUNA 2;CALZADA;20;-34,5947;-58,4139
64;85;85;AGUERO;Aguero & Mansilla, Lucio Norberto, General;RECOLETA;COMUNA 2;CALZADA;20;-34,5945;-58,4089
292;471;173;EL LIBERTADOR;Avenida San Martin 6220 y Nueva York;VILLA DEVOTO ;COMUNA 11;VEREDA;12;-34,5944;-58,5032
18;22;22;ARENALES;Cerrito & Arenales;RETIRO;COMUNA 1;PLAZOLETA;20;-34,5943;-58,3828
50;64;64;RIOBAMBA;1264 Riobamba & Juncal;RECOLETA;COMUNA 2;CALZADA;20;-34,594;-58,3945
291;469;62;PARQUE ONEGA;Avenida General Mosconi 3780 y Joaquin V. Gonzalez;VILLA DEVOTO ;COMUNA 11;VEREDA;12;-34,5932;-58,5138
77;329;100;PLAZA GURRUCHAGA;1078 Gurruchaga;VILLA CRESPO;COMUNA 15;CALZADA;20;-34,5931;-58,4351
11;12;12;PLAZA VICENTE LOPEZ;Parana & Juncal;RECOLETA;COMUNA 2;PLAZA ABIERTA;16;-34,5928;-58,3888
2;2;2;RETIRO I;Ramos Mejia, Jose Maria, Dr. Av. & Del Libertador Av.;RETIRO;COMUNA 1;PLAZA ABIERTA;36;-34,5927;-58,3751
55;70;70;ARAOZ;1413 Araoz & Gorriti;PALERMO;COMUNA 14;CALZADA;20;-34,5927;-58,4258
105;130;130;RETIRO II;Ramos Mejia, Jose Maria, Dr. Av. & Del Libertador Av.;RETIRO;COMUNA 1;PLAZA ABIERTA;40;-34,5927;-58,375
146;181;181;BILLINGHURST Y MANSILLA;1533 Billinghurst & Mansilla, Lucio Norberto, General;RECOLETA;COMUNA 2;CALZADA;20;-34,5926;-58,412
127;158;158;VILLARROEL;1321 Villarroel & Humboldt;CHACARITA;COMUNA 15;CALZADA;20;-34,5925;-58,4452
229;369;304;NAVARRO;2625 Navarro;AGRONOMIA;COMUNA 15;CALZADA;16;-34,5923;-58,492
92;116;116;HOSPITAL ALEMAN;Beruti & Ecuador;RECOLETA;COMUNA 2;CALZADA;12;-34,5921;-58,4028
71;94;94;GUZMAN;129 Av. Guzman & Leiva;CHACARITA;COMUNA 15;PLAZA ABIERTA;30;-34,5917;-58,4497
97;122;122;COSTA RICA;4090 Costa Rica & Acuña De Figueroa, Francisco;PALERMO;COMUNA 14;CALZADA;20;-34,5916;-58,4204
230;370;305;PLAZA MARTIN RODRIGUEZ;3016 Pareja;VILLA PUEYRREDON;COMUNA 12;CALZADA;20;-34,591;-58,5003
156;193;193;ARENALES Y AGUERO;2882 Arenales & Aguero;RECOLETA;COMUNA 2;CALZADA;20;-34,5909;-58,4061
26;30;30;PEÑA;Peña & Azcuenaga;RECOLETA;COMUNA 2;CALZADA;20;-34,5906;-58,3974
287;465;192;HOSPITAL SIRIO;Gabriela Mistral 3325 y Campana;VILLA DEVOTO ;COMUNA 11;VEREDA;12;-34,5904;-58,5071
225;393;300;JOSE ARTIGAS;Avenida del Campo y 14 de Julio;PATERNAL;COMUNA 15;CALZADA;6;-34,5903;-58,467
46;216;59;CORONEL DIAZ;3328 Guemes & Diaz, Cnel. Av.;PALERMO;COMUNA 14;CALZADA;20;-34,5902;-58,4116
21;25;25;PLAZA GUEMES;Salguero, Jeronimo & Mansilla, Lucio Norberto, General;PALERMO;COMUNA 14;PLAZA ABIERTA;24;-34,5898;-58,4166
78;101;101;FITZ ROY;1092 Fitz Roy & Loyola;CHACARITA;COMUNA 15;CALZADA;20;-34,5891;-58,4423
280;304;395;AGRONOMIA II;De Los Incas Av. & De Los Constituyentes Av.;AGRONOMIA;COMUNA 15;VEREDA;16;-34,5891;-58,48472
44;56;56;PLAZA PALERMO VIEJO;1829 Armenia & Costa Rica;PALERMO;COMUNA 14;CALZADA;16;-34,5887;-58,4262
135;166;166;CEMENTERIO DE LA RECOLETA;2000 Lopez, Vicente & Junin;RECOLETA;COMUNA 2;PLAZOLETA;20;-34,5886;-58,3942
153;189;189;POSADAS;1350 Posadas & Montevideo;RETIRO;COMUNA 1;CALZADA;20;-34,5885;-58,3855
161;200;200;AUSTRIA Y FRENCH;2080 Austria & French;RECOLETA;COMUNA 3;CALZADA;20;-34,5883;-58,4043
81;104;104;FEDERICO LACROZE;1100 Guzman Av. & Corrientes Av.;CHACARITA;COMUNA 15;PLAZOLETA;30;-34,5876;-58,4551
175;428;225;HOSPITAL TORNU;1052 Avalos;PARQUE CHAS;COMUNA 15;CALZADA;20;-34,5876;-58,474
51;65;65;JULIAN ALVAREZ;3822 Guemes & Alvarez, Julian;PALERMO;COMUNA 14;CALZADA;20;-34,5873;-58,416
315;498;55;HABANA;"Gral. José Gervasio Artigas 4298 (y Habana)
";VILLA PUEYRREDON;COMUNA 12;CALZADA;12;-34,5865;-58,4949
79;102;102;ROSETI;50 Roseti & Dorrego Av.;CHACARITA;COMUNA 15;CALZADA;12;-34,5864;-58,446
90;215;113;GUATEMALA;4773 Guatemala & Borges, Jorge Luis;PALERMO;COMUNA 14;CALZADA;20;-34,5857;-58,4251
9;9;9;PARQUE LAS HERAS;2300 Diaz, Cnel. Av. & French;PALERMO;COMUNA 14;PLAZA ABIERTA;24;-34,5855;-58,4077
154;190;190;JUNCAL;Juncal & Salguero, Jeronimo;PALERMO;COMUNA 14;CALZADA;20;-34,5852;-58,411
128;206;159;FITZ ROY Y GORRITI;Fitz Roy & Gorriti;PALERMO;COMUNA 14;CALZADA;16;-34,5849;-58,4372
1;202;1;FACULTAD DE DERECHO;2120 Figueroa Alcorta, Pres. Av.;RECOLETA;COMUNA 2;VEREDA;30;-34,5842;-58,3905
217;247;282;TRONADOR;Triunvirato Av. & Tronador;VILLA ORTUZAR;COMUNA 15;PLAZOLETA;18;-34,5841;-58,4663
240;43;334;CENTRO DE EXPOSICIONES;2133 Figueroa Alcorta;RECOLETA;COMUNA 2;PLAZOLETA;28;-34,5841;-58,3907
41;50;50;HOSPITAL RIVADAVIA;2516 Pereyra Lucena & Las Heras General Av.;PALERMO;COMUNA 14;CALZADA;20;-34,5836;-58,4012
100;205;125;F. J. SANTAMARIA DE ORO;Fray Justo Santamaria De Oro &Guatemala;PALERMO;COMUNA 14;VEREDA;16;-34,5834;-58,4281
278;448;393;BARRIO 31;11 Carlos H. Perette;RETIRO;COMUNA 1;VEREDA;24;-34,58309;-58,37782
312;496;52;CAMPANA II;Cochrane 3298 (y Campana);VILLA PUEYRREDON;COMUNA 12;VEREDA;12;-34,583;-58,5131
204;373;265;PLAZA EXODO JUJEÑO;2812 Liverpool;PARQUE CHAS;COMUNA 15;CALZADA;16;-34,5826;-58,481
67;89;89;CABELLO;3082 Cabello;PALERMO;COMUNA 14;CALZADA;20;-34,5825;-58,4054
184;229;243;PLAZOLETA CELEDONIO FLORES;6599 Cordoba;CHACARITA;COMUNA 15;PLAZOLETA;12;-34,5817;-58,4516
232;400;313;DE LOS INCAS;Avenida de los Incas 4138;VILLA ORTUZAR;COMUNA 15;CALZADA;16;-34,5816;-58,4747
86;77;109;ESTACION PUEYRREDON;Bolivia 5071;VILLA PUEYRREDON;COMUNA 12;VEREDA;16;-34,5811;-58,5015
83;461;106;MOSCONI Y CONSTITUYENTES;Av. Constituyente 4710;PARQUE CHAS;COMUNA 15;VEREDA;16;-34,5809;-58,4936
246;418;345;PLAZA MAFALDA;Conde & Cocepcion Arenal;COLEGIALES;COMUNA 13;VEREDA;20;-34,5809;-58,4446
5;5;5;PLAZA ITALIA;2601 Sarmiento Av.;PALERMO;COMUNA 14;VEREDA;42;-34,5808;-58,4204
99;124;124;UGARTECHE;3050 Ugarteche & Cabello;PALERMO;COMUNA 14;CALZADA;20;-34,5807;-58,4125
116;208;145;RAVIGNANI;1900 Ravignani, Emilio, Dr. & Costa Rica;PALERMO;COMUNA 14;CALZADA;20;-34,5803;-58,4378
297;472;310;FREIRE II;Capitan General Ramon Freire 100 y Concepcion Arenal;COLEGIALES;COMUNA 13;VEREDA;12;-34,5799;-58,4443
205;384;267;PLAZA 25 DE AGOSTO;1436 Giribone EX 14 De Julio 1194;VILLA ORTUZAR;COMUNA 15;PLAZOLETA;15;-34,5797;-58,4618
215;324;280;JURAMENTO;5209 Juramento;VILLA URQUIZA;COMUNA 12;CALZADA;16;-34,579;-58,4841
192;436;253;PLAZA COLEGIALES;3061 Matienzo;COLEGIALES;COMUNA 13;VEREDA;12;-34,5784;-58,4453
13;14;14;PACIFICO;550 Bullrich, Int. Av. & Santa Fe Av.;PALERMO;COMUNA 14;VEREDA;30;-34,5782;-58,4266
147;182;182;RAVIGNANI Y GUATEMALA;2185 Ravignani, Emilio, Dr. & Guatemala;PALERMO;COMUNA 14;CALZADA;20;-34,5781;-58,4351
126;156;156;PLAZA ALEMANIA;2939 Cavia & Del Libertador Av.;PALERMO;COMUNA 14;CALZADA;20;-34,5778;-58,4073
199;269;260;SAN MIGUEL DE GARICOITS;Delgado & Loreto, Virrey;COLEGIALES;COMUNA 13;PLAZA ABIERTA;18;-34,5772;-58,4576
80;242;103;MALBA;3051 San Martin De Tours & Figueroa Alcorta, Pres. Av.;PALERMO;COMUNA 14;CALZADA;20;-34,5771;-58,403
102;417;127;PLAZA LEONARDO N. ALEM;Cochrane 2407;VILLA PUEYRREDON;COMUNA 12;VEREDA;20;-34,5763;-58,5025
37;44;44;ECOPARQUE;3260 Del Libertador Av. & Sarmiento Av.;PALERMO;COMUNA 14;VEREDA;20;-34,5758;-58,4143
329;511;284;AVENIDA FOREST;Delgado 1569;VILLA ORTUZAR;COMUNA 15;VEREDA;15;-34,5753;-58,4628
45;58;58;MINISTRO CARRANZA;Santa Fe Av. & Dorrego;PALERMO;COMUNA 14;VEREDA;20;-34,5749;-58,4353
330;517;332;PACIFICO II;Av. Int. Bullrich 300;PALERMO;COMUNA 14;VEREDA;16;-34,5744;-58,4247
311;497;307;CERETTI;2892 Ceretti;VILLA URQUIZA ;COMUNA 12;VEREDA;12;-34,5743;-58,4961
331;518;329;LAS CAÑITAS;Clay 2818;PALERMO;COMUNA 14;VEREDA;7;-34,574;-58,4317
247;248;346;PLAZA ZAPIOLA;2001 Donado;VILLA URQUIZA;COMUNA 12;PLAZA ABIERTA;20;-34,5737;-58,4743
216;235;281;VILLA URQUIZA;Triunvirato Av. & Roosevelt Franklin D. Av.;VILLA URQUIZA;COMUNA 12;VEREDA;24;-34,5736;-58,4873
129;222;160;GODOY CRUZ Y LIBERTADOR;3279 Godoy Cruz & Del Libertador Av.;PALERMO;COMUNA 14;CALZADA;20;-34,5728;-58,4207
296;478;15;AMENABAR;Teodoro Garcia 2613 y Amenabar;COLEGIALES;COMUNA 13;VEREDA;12;-34,5719;-58,4475
202;383;263;PLAZA ECHEVERRIA;Nahuel Huapi & Triunvirato Av.;VILLA URQUIZA;COMUNA 12;PLAZA CERRADA;16;-34,5717;-58,4897
241;210;335;GENERAL URQUIZA;Figueroa Alcorta, Pres. Av. & Sarmiento Av.;PALERMO;COMUNA 14;PLAZA ABIERTA;20;-34,5713;-58,4119
203;257;264;PLAZA MARCOS SASTRE;Miller & Monroe;VILLA URQUIZA;COMUNA 12;PLAZA ABIERTA;24;-34,5711;-58,4809
179;349;232;SUCRE Y MARTINEZ;3517 Sucre;BELGRANO;COMUNA 13;CALZADA;20;-34,5705;-58,4662
328;506;40;PARQUE SALGUERO;Av. Costa Salguero 1222;PALERMO;COMUNA 14;VEREDA;24;-34,5694;-58,3993
197;361;258;PLAZA J.J. PASO;1399 Moldes;COLEGIALES;COMUNA 13;CALZADA;20;-34,5691;-58,4538
258;408;364;CERRETTI Y MANUELA PEDRAZA;Ceretti 3407;VILLA URQUIZA;COMUNA 12;CALZADA;16;-34,5691;-58,5003
143;177;177;PLANETARIO;Av. Roldan, Belisario y Av. Casares;PALERMO;COMUNA 14;VEREDA;7;-34,5682;-58,4123
198;230;259;PLAZA CASTELLI;3249 Echeverria;BELGRANO;COMUNA 13;PLAZA CERRADA;16;-34,5679;-58,4642
190;308;251;SOLAR DE LA ABADIA;1819 Maure;PALERMO;COMUNA 14;CALZADA;20;-34,5675;-58,437
183;355;242;PLAZOLETA RAFAEL DEL RIEGO;1327 O` Higgins;PALERMO;COMUNA 14;PLAZOLETA;16;-34,5674;-58,4464
201;362;262;HOLMBERG;2725 Holmberg;VILLA URQUIZA;COMUNA 12;CALZADA;16;-34,5667;-58,4791
213;386;277;COGHLAN;2647 Estomba;COGHLAN;COMUNA 12;VEREDA;8;-34,5658;-58,4755
242;258;336;LA PAMPA;2520 La Pampa & Ciudad De La Paz;BELGRANO;COMUNA 13;CALZADA;16;-34,5656;-58,4555
303;488;234;AVENIDA TRIUNVIRATO;Avenida Triunvirato 5752;VILLA URQUIZA ;COMUNA 12;VEREDA;12;-34,5656;-58,4952
277;239;391;PLAZA REPUBLICA DE ECUADOR;Figueroa Alcorta, Pres. Av. & Dorrego Av.;PALERMO;COMUNA 14;VEREDA;20;-34,56553;-58,41986
182;323;240;ECHEVERRIA;1981 Vidal;BELGRANO;COMUNA 13;CALZADA;24;-34,5653;-58,4594
269;422;379;PARQUE SARMIENTO II;Alfonsina Storni 3771;SAAVEDRA;COMUNA 12;CALZADA;16;-34,5645;-58,5029
309;490;245;COSTANERA NORTE;Avenida Costanera Rafael Obligado 1700 (Punta Carrasco);PALERMO;COMUNA 14;VEREDA;16;-34,5645;-58,4022
180;278;233;MONROE;2519 Superi;COGHLAN;COMUNA 12;CALZADA;16;-34,5641;-58,4698
222;277;292;PLAZA BOLIVIA;Olleros Av. & Del Libertador Av.;PALERMO;COMUNA 14;VEREDA;12;-34,5635;-58,4367
193;236;254;PLAZA RAFAEL HERNANDEZ;2004 Vuelta De Obligado;BELGRANO;COMUNA 13;PLAZA ABIERTA;16;-34,5625;-58,4552
195;275;256;PLAZA NORUEGA;Amenabar & Mendoza;BELGRANO;COMUNA 13;PLAZA ABIERTA;20;-34,5622;-58,4594
188;358;249;BALBIN;2519 Conesa;BELGRANO;COMUNA 13;CALZADA;12;-34,5614;-58,4657
191;232;252;TAMBORINI;3821 Tamborini, Jose Pascual;COGHLAN;COMUNA 12;CALZADA;20;-34,5601;-58,4791
276;379;390;DE LOS OMBUES;De Los Ombues Av. & Bello, Andres;PALERMO;COMUNA 14;CALZADA;20;-34,56;-58,428
194;289;255;BARRANCAS DE BELGRANO;Sucre, Antonio Jose De, Mcal. & Vertiz Virrey Av.;BELGRANO;COMUNA 13;PLAZA ABIERTA;24;-34,5599;-58,4482
36;423;43;PLAZA ALBERTDI;Crisólito Larralde 4544;SAAVEDRA;COMUNA 12;CALZADA;12;-34,5593;-58,4878
221;259;290;CLUB EXCURSIONISTAS;1818 Miñones;BELGRANO;COMUNA 13;CALZADA;16;-34,5581;-58,4433
304;487;239;AVENIDA CRAMER;Avenida Cramer 2900 (y Avenida Congreso);BELGRANO;COMUNA 13;VEREDA;12;-34,558;-58,4673
281;426;396;PLAZA ALBERTI;Arcos & Roosevelt Franklin D.;BELGRANO;COMUNA 13;CALZADA;20;-34,55571;-58,45789
189;359;250;FLENI;2292 Montañeses;BELGRANO;COMUNA 13;CALZADA;20;-34,5556;-58,4505
306;484;295;SUPERI;Nuñez 3486 (y Superi);SAAVEDRA;COMUNA 12;VEREDA;12;-34,5554;-58,4767
53;176;67;PARQUE SARMIENTO I;Av. Dr. Ricardo Balbin 4402 ;SAAVEDRA;COMUNA 12;VEREDA;16;-34,5553;-58,4948
223;392;297;TRONADOR Y GARCIA DEL RIO;Tronador y Garcia del Rio;SAAVEDRA;COMUNA 12;VEREDA;16;-34,5546;-58,4854
326;500;235;COMUNA 13;Ibera 2377;NUÑEZ;COMUNA 13;VEREDA;12;-34,5533;-58,4642
196;416;257;PLAZA FRANCISCO RAMIREZ;2700 Pedraza, Manuela;NUÑEZ;COMUNA 13;CALZADA;28;-34,5531;-58,4689
263;260;371;PASEO DE LAS AMERICAS;Av.La Pampa y Av. Pres Figueroa Alcorta;BELGRANO;COMUNA 13;PLAZA ABIERTA;12;-34,553;-58,4352
187;245;248;HUSARES;2201 Husares;BELGRANO;COMUNA 13;CALZADA;16;-34,5524;-58,443
200;187;261;QUINTEROS LIDORO;1483 Quinteros, Lidoro J. Av.;BELGRANO;COMUNA 13;PLAZOLETA;16;-34,5523;-58,4509
82;68;105;PARQUE SAAVEDRA;García del Río 3590;SAAVEDRA;COMUNA 12;CALZADA;16;-34,5521;-58,4805
302;485;230;PASEO DE LA COSTANERA II;Avenida Costanera Rafael Obligado 5100;PALERMO;COMUNA 14;VEREDA;12;-34,5519;-58,4266
220;322;289;MONTAÑESES;2786 Montañeses;BELGRANO;COMUNA 13;CALZADA;19;-34,5514;-58,4541
307;482;376;PASEO DE LA COSTANERA;Avenida Costanera Rafael Obligado 6200 (y Int. Cantilo);PALERMO;COMUNA 14;VEREDA;12;-34,5503;-58,4297
283;268;399;GARCIA DEL RIO;Garcia Del Rio & Pinto;SAAVEDRA;COMUNA 12;PLAZA ABIERTA;28;-34,55024;-58,4771
327;501;20;GRECIA;Grecia 3290;NUÑEZ;COMUNA 13;VEREDA;12;-34,5492;-58,4619
245;234;344;UNIVERSIDAD DI TELLA;1001 Saenz Valiente, Juan Pablo;BELGRANO;COMUNA 13;CALZADA;20;-34,5481;-58,4476
254;419;359;PLAZA BALCARCE;2324 Jaramillo;NUÑEZ;COMUNA 13;CALZADA;28;-34,5475;-58,4678
305;489;288;SECRETARIA DE DEPORTES;Avenida Libertador 7100 (y Tte Gral. Pablo Ricchieri);NUÑEZ;COMUNA 13;VEREDA;12;-34,5472;-58,4564
186;434;247;PLAZA LUCIO DEMARE;3750 O`Higgins;NUÑEZ;COMUNA 13;PLAZA ABIERTA;16;-34,5457;-58,4651
176;435;227;CLUB CIUDAD DE BUENOS AIRES;Miguel Sanchez y Av. Libertador;NUÑEZ;COMUNA 13;VEREDA;16;-34,5447;-58,4597
266;420;375;CIUDAD UNIVERSITARIA I;Ciudad Universitaria - Pabellón 1(CABA);BELGRANO;COMUNA 13;VEREDA;20;-34,5446;-58,4396
300;483;175;PLAZA MACKENNA;Cramer 4500 (y Arias);SAAVEDRA;COMUNA 12;VEREDA;12;-34,5436;-58,4771
257;431;362;PARQUE DE LA MEMORIA;7201 Av. Costanera;BELGRANO;COMUNA 13;VEREDA;20;-34,5429;-58,4351
301;486;220;PLAZA FELIX LIMA;Ramallo 2200 (y Cuba);NUÑEZ;COMUNA 13;VEREDA;12;-34,5418;-58,4704
267;422;377;CIUDAD UNIVERSITARIA III;Ciudad Universitaria - Pabellón 3 (CABA);BELGRANO;COMUNA 13;VEREDA;28;-34,5414;-58,4442
325;502;296;SAN ISIDRO LABRADÓR;Avenida San Isidro Labrador 4850;SAAVEDRA;COMUNA 12;PLAZA ABIERTA;16;-34,540635;-58,475291
